ISO code,Country,Variable code,Variable name,1950,1951,1952,1953,1954,1955,1956,1957,1958,1959,1960,1961,1962,1963,1964,1965,1966,1967,1968,1969,1970,1971,1972,1973,1974,1975,1976,1977,1978,1979,1980,1981,1982,1983,1984,1985,1986,1987,1988,1989,1990,1991,1992,1993,1994,1995,1996,1997,1998,1999,2000,2001,2002,2003,2004,2005,2006,2007,2008,2009,2010,2011,2012,2013,2014,2015,2016,2017,2018,2019,2020,2021,2022,2023
COL,Colombia,avh,Average annual hours worked by persons engaged,2786.89,2774.03,2761.23,2748.49,2735.81,2723.18,2710.61,2698.11,2685.65,2673.26,2660.92,2655.11,2649.31,2643.52,2637.74,2631.97,2626.22,2620.48,2614.76,2609.04,2603.34,2591.69,2580.09,2568.55,2556.91,2545.32,2533.79,2522.3,2510.87,2499.5,2488.17,2475.24,2462.38,2449.58,2436.85,2424.19,2411.6,2399.06,2386.6,2374.2,2362.2,2350.17,2338.21,2353.75,2369.4,2363.68,2357.97,2352.28,2346.6,2346.6,2346.6,2346.6,2438.13,2418.88,2404.5,2416.1,2444.57,2473.38,2502.52,2460.84,2453.9,2435.02,2419.69,2413.49,2405.14,2395.83,2392.21,2376.43,2385.94,2382.61,2069.44,2405.39,2503.57,2470.61
COL,Colombia,ccon,"Real consumption of households and government, at current PPPs (in mil. 2021US$)",37977.30078125,38317.734375,41168.546875,44315.4453125,47751.9765625,49568.37890625,49745.9375,50169.37109375,51244.3203125,53769.75390625,57198.2578125,61024.94140625,65526.72265625,68607.53125,74666.96875,73719.640625,80353.8828125,80434.1015625,85515.0546875,91821.6953125,98238.1171875,111264.5859375,120341.53125,130982.7734375,144000.296875,154370.640625,164311.390625,171313.484375,185464.625,194662.9375,206461.578125,209816.359375,211228.671875,209986.421875,213348.40625,215205.875,220008.984375,226088.328125,233402.421875,239255.515625,248487,249798.015625,256553.078125,271977.34375,282538.46875,297143.90625,304549.4375,311348.9375,304589.96875,288709.5,289635.59375,291502.40625,293275.1875,298953.15625,308506.625,325189.3125,353113.53125,385112.40625,414169,434323.03125,472504.40625,516872.6875,544182.25,563468.25,586602.5625,613397.5625,613540.75,623451.9375,650551,691517.6875,677254.5,749821.25,812484.4375,826269.6875
COL,Colombia,cda,"Real domestic absorption, (real consumption plus investment), at current PPPs (in mil. 2021US$)",50261.81640625,50467.55078125,54087.09375,59018.421875,65578.328125,68349.9140625,68782.4765625,67590.453125,66184.9140625,69400.9921875,75301.96875,80913.96875,83875.90625,86301.640625,94642.8359375,92884.828125,101317.0390625,101918.9453125,110371.3984375,117424.0234375,128003.7421875,142760.828125,151473.9375,165602.34375,187009.546875,190594.234375,202564.625,214474.8125,230383.21875,238553.65625,254212.265625,263938.6875,268220,264725,264314.9375,261230.3125,267370.96875,277515.8125,288660.59375,289832.125,296995.21875,294103.6875,319551.15625,352038.65625,370784.28125,388386.4375,382946.34375,388927.0625,376877.6875,333199.15625,340696.84375,347498.28125,355829.78125,367945.53125,384842.625,410899.90625,450542.09375,495429.03125,534370.1875,543729.125,589013.625,652753.125,676341.625,690798.8125,726203.125,743259,729398.5625,738824.9375,776652.4375,831426.5,795178.25,884148.625,970769.3125,947659.6875
COL,Colombia,cgdpe,Expenditure-side real GDP at current PPPs (in mil. 2021US$),45024.46875,45443.828125,48637.52734375,53301.26171875,58792.234375,60156.3203125,61298.83984375,60869.68359375,60358.47265625,63313.6171875,66986.3125,71104.890625,74528.0625,76596.9140625,83403.6328125,83237.9609375,87282.84375,90978.5703125,96558.578125,103008.8671875,111618.5078125,122729.71875,135739.40625,150587.96875,162374.34375,172932.9375,185953.03125,197584.109375,210769.859375,217086.234375,228326.546875,227250.1875,229703.890625,228689.40625,234058.890625,235028.40625,254007.546875,253969.671875,260587.03125,267629.40625,280321.875,284770,293571.5625,307433.6875,323908.84375,338183.84375,340422.875,347551.875,337479.65625,322429.375,333960,332827.15625,339658.71875,350762.625,370578.75,397079.125,432447.6875,475310.96875,519065.71875,531467.5,579835.3125,646819.125,668237.625,678492.5625,696811.875,694243.0625,683159.75,703694.1875,741538.25,785680.625,743080.75,821202.375,902125.0625,902844.625
COL,Colombia,cgdpo,Output-side real GDP at current PPPs (in mil. 2021US$),44851.94140625,45539.35546875,48830.77734375,53155.89453125,57991.328125,59858.87109375,61011.53515625,60752.3125,60797.6875,64281.0234375,67748.8671875,71978.7421875,75515.5859375,77726.21875,83982.984375,84057.421875,88825.0625,92237.75,98243.765625,104605.7109375,112992.3203125,124897.2734375,136913.171875,151141.765625,164267.015625,174438.25,185748.28125,194705.046875,209196.609375,216864.046875,228474.46875,229848.6875,231722.453125,231035.359375,235447.421875,236214.734375,250921.796875,252648.796875,260820.953125,266819.71875,278673.71875,278393.46875,294309.9375,311687.09375,328452.75,343069.75,343682.90625,350251.5625,341742.78125,324188.15625,334099.28125,335353.34375,342020.59375,353501.125,370891.65625,398696.34375,435110.53125,478453.6875,525248.5625,536269.375,588043.4375,659983.75,680812.5,685627,709567.0625,710097.875,695000.625,710407.25,750755.25,797424.1875,760045.25,837966.375,904721.625,911782.625
COL,Colombia,ck,Capital services levels at current PPPs (USA=1),,,,,0.019324004650116,0.0200560167431831,0.0208565164357424,0.0209901910275221,0.0204152632504702,0.0200859922915697,0.0203100331127644,0.0200489554554224,0.0197383221238852,0.0196372102946043,0.0194495990872383,0.0193938724696636,0.0191357862204313,0.0189670938998461,0.0191822908818722,0.0193457156419754,0.019490959122777,0.0199273545295,0.0198393017053604,0.019569668918848,0.0189637709408999,0.0190297923982143,0.0185642186552286,0.0176501087844372,0.01680101826787,0.0166194308549166,0.016466561704874,0.0171991232782602,0.0181134287267923,0.0189959071576595,0.0191439259797335,0.0190566647797823,0.019126595929265,0.0189868435263634,0.0191464554518461,0.0194005556404591,0.0193623322993517,0.0192199535667896,0.0194067750126123,0.0201005227863789,0.0207109767943621,0.0210461691021919,0.0211153645068407,0.0211384147405624,0.0210135728120804,0.0202031806111336,0.0190092325210571,0.0185103956609964,0.0187536310404539,0.0188663620501757,0.0191529896110296,0.0198949705809355,0.0208078548312187,0.0220206025987864,0.023430148139596,0.0250085666775703,0.0265545379370451,0.0276480969041586,0.0266869533807039,0.0257826540619135,0.0258442740887404,0.0249477997422218,0.0226697772741318,0.0235607288777828,0.0251767504960299,0.0267323013395071,0.0272713601589203,0.0269278902560473,0.027653930708766,0.0277778934687376
COL,Colombia,cn,Capital stock at current PPPs (in mil. 2021US$),198681.09375,206160.171875,218266.953125,232363.703125,252225.328125,271759.09375,291166.78125,297786.65625,301441.90625,318060.875,339103.4375,360395.65625,380407.65625,394908.40625,417534.3125,432385.8125,447465.6875,468449,494003.84375,518075.78125,545712.6875,575941.375,591459.875,601705.8125,615392.8125,628079.6875,632075.9375,627163.625,625262.25,629189.1875,646320.0625,679079.5,710758.4375,736721.9375,764693.3125,790747.1875,816937.5625,841383.6875,880290.0625,910728.25,932486.75,957555.625,989813.3125,1046966.875,1104367.125,1154213.5,1199985.875,1244056.375,1283292.625,1281810.375,1280866.625,1301964,1334128.375,1375948.625,1435891,1497947.375,1581870.125,1691187,1791755,1889937.5,1993335.625,2100901,2095909,2126578,2167499.25,2150410.25,2047769.125,2154886.5,2390923.25,2624349,2826335.75,2882305,2985489.25,3050380
COL,Colombia,cor_exp,Correlation between expenditure shares of the country and the US (benchmark observations only),,,,,,,,,,,,,,,,,,,,,,,,,,,,,,,,,,,,,,,,,,,,,,,,,,,,,,,,0.722477262773352,,,,,,0.658012776605076,0.655710355576127,0.691277341336717,0.702398457313148,0.707025081519933,0.69637210184048,0.704777400485695,0.708894945684997,0.709149516229595,0.705115341217669,0.695318181128023,,
COL,Colombia,csh_c,Share of household consumption at current PPPs,0.784818649291992,0.771763265132904,0.772534608840942,0.754856288433075,0.748597741127014,0.750946521759033,0.741810083389282,0.759395718574524,0.772546350955963,0.769067704677582,0.773837327957153,0.776580572128296,0.793802320957184,0.806274175643921,0.816725373268127,0.798604667186737,0.825188517570496,0.789587378501892,0.78939813375473,0.794655323028565,0.780817627906799,0.786445379257202,0.78539764881134,0.77173924446106,0.789165914058685,0.798319518566132,0.799951612949371,0.794706881046295,0.800015211105347,0.804160416126251,0.8025963306427,0.813709080219269,0.814387142658234,0.818111658096314,0.818647503852844,0.824235558509827,0.796855688095093,0.814513146877289,0.813255846500397,0.815795600414276,0.819344818592072,0.825353682041168,0.798702776432037,0.795312881469727,0.778718590736389,0.786646783351898,0.793997287750244,0.783366620540619,0.781887471675873,0.771761476993561,0.752857506275177,0.754238247871399,0.746502459049225,0.735075354576111,0.719932317733765,0.702436566352844,0.696338415145874,0.689753890037537,0.672715902328491,0.683634579181671,0.673858284950256,0.652674913406372,0.665282547473908,0.671017646789551,0.664875268936157,0.681935608386993,0.678734242916107,0.66426283121109,0.652794659137726,0.646815061569214,0.657686829566956,0.67018985748291,0.688378989696503,0.68973171710968
COL,Colombia,csh_g,Share of government consumption at current PPPs,0.0619072876870632,0.0696569532155991,0.0705514326691628,0.0788319706916809,0.0748352780938149,0.0771409273147583,0.0735429599881172,0.0664061307907105,0.0703199058771133,0.0674116909503937,0.0704315528273583,0.0712383687496185,0.0739221200346947,0.0764078199863434,0.0723472163081169,0.0784105956554413,0.0794422924518585,0.0824428498744965,0.0810393020510674,0.0831332504749298,0.0886053666472435,0.104403391480446,0.0935647487640381,0.0948826968669891,0.087457463145256,0.0866391211748123,0.0846401080489159,0.0851547196507454,0.0865414068102837,0.093466192483902,0.101056434214115,0.0991364642977715,0.0971717685461044,0.0907813832163811,0.087492860853672,0.0868247672915459,0.0799473375082016,0.0803588405251503,0.0816201940178871,0.0808979868888855,0.0723323747515678,0.0719304010272026,0.0730077624320984,0.0772844702005386,0.0814917683601379,0.0794858261942864,0.0921376794576645,0.105562910437584,0.109396785497665,0.118800088763237,0.114057183265686,0.115001410245895,0.11097564548254,0.110616847872734,0.11186483502388,0.113194935023785,0.115210592746735,0.115156628191471,0.115804046392441,0.126262560486794,0.129661276936531,0.130484834313393,0.134030446410179,0.150811493396759,0.161829650402069,0.181885495781899,0.204057440161705,0.21333509683609,0.213734090328217,0.220374226570129,0.233384490013123,0.224620819091797,0.209670096635818,0.216481730341911
COL,Colombia,csh_i,Share of gross capital formation at current PPPs,0.273890376091003,0.266798198223114,0.264557480812073,0.276601076126099,0.307396858930588,0.313763618469238,0.312015384435654,0.28675588965416,0.245742827653885,0.24317030608654,0.267217874526978,0.276318043470383,0.242985412478447,0.227646574378014,0.237856134772301,0.228001162409782,0.236004963517189,0.232928976416588,0.253006845712662,0.244750738143921,0.263430505990982,0.252177208662033,0.227387994527817,0.22905358672142,0.261825263500214,0.2076585739851,0.205941259860992,0.221675470471382,0.214719489216805,0.202388152480125,0.208997905254364,0.235469445586205,0.245946556329727,0.236927285790443,0.216466695070267,0.194841489195824,0.188752040266991,0.203553199768066,0.211862474679947,0.189553439617157,0.174068152904511,0.159147679805756,0.21405354142189,0.25686439871788,0.268671244382858,0.265959143638611,0.228108271956444,0.221492618322372,0.211526691913605,0.137234047055244,0.152832552790642,0.166975721716881,0.182897120714188,0.195168733596802,0.205817490816116,0.214977145195007,0.223916783928871,0.230569064617157,0.228846296668053,0.204013362526894,0.198130279779434,0.205884486436844,0.194120064377785,0.185714051127434,0.196740478277206,0.182878270745277,0.166701763868332,0.162404075264931,0.167966097593308,0.175450906157494,0.155153572559357,0.160301610827446,0.174954265356064,0.133134782314301
COL,Colombia,csh_m,Share of merchandise imports at current PPPs,-0.0869028270244598,-0.0925230383872986,-0.082212932407856,-0.0968772172927856,-0.0967139005661011,-0.0971705466508865,-0.085934653878212,-0.0730044171214104,-0.0582739785313606,-0.0555763691663742,-0.071532130241394,-0.0678950399160385,-0.0596049018204212,-0.053337998688221,-0.0554823316633701,-0.0427208878099918,-0.0579081401228905,-0.0392405167222023,-0.0456601120531559,-0.0435739085078239,-0.0473292544484139,-0.04697360470891,-0.0370780639350414,-0.0383820049464703,-0.0475379750132561,-0.0388154983520508,-0.0401248782873154,-0.0413531810045242,-0.0513606704771519,-0.0511154681444168,-0.0653477236628532,-0.0710194632411003,-0.0730935037136078,-0.0660893470048904,-0.0596209056675434,-0.0540757142007351,-0.0454845912754536,-0.0445206388831139,-0.0470533221960068,-0.0435966849327087,-0.0462295562028885,-0.0384274050593376,-0.0550056993961334,-0.0760062709450722,-0.0814787596464157,-0.0847777351737022,-0.0842781215906143,-0.0964614972472191,-0.0967796221375465,-0.0767567679286003,-0.0862070620059967,-0.0969178453087807,-0.0937937721610069,-0.0941097289323807,-0.108371205627918,-0.117726199328899,-0.128118053078651,-0.135229453444481,-0.13092140853405,-0.113111019134521,-0.124323643743992,-0.140821814537048,-0.148084074258804,-0.148224383592606,-0.1489337682724,-0.140950590372086,-0.122841358184814,-0.124159134924412,-0.125426054000855,-0.128893464803696,-0.106554187834263,-0.129422083497047,-0.158549055457115,-0.125697001814842
COL,Colombia,csh_r,Share of residual trade and GDP statistical discrepancy at current PPPs,-0.11372371762991,-0.108951672911644,-0.109112001955509,-0.103905811905861,-0.107977949082851,-0.116521291434765,-0.112694263458252,-0.10990334302187,-0.102525629103184,-0.102789811789989,-0.11417318880558,-0.119470536708832,-0.112992957234383,-0.118107408285141,-0.130295768380165,-0.126244515180588,-0.139484062790871,-0.12184951454401,-0.133039727807045,-0.13096721470356,-0.135416299104691,-0.141343027353287,-0.116283811628819,-0.107579231262207,-0.141317754983902,-0.100504234433174,-0.0910280421376228,-0.100655153393745,-0.0992418676614761,-0.100602596998215,-0.0980721637606621,-0.117561340332031,-0.124011851847172,-0.122895553708076,-0.110481284558773,-0.0996726527810097,-0.0782040953636169,-0.108305476605892,-0.108112834393978,-0.0960884690284729,-0.0802812650799751,-0.0721489861607552,-0.0918504893779755,-0.110727876424789,-0.109616577625275,-0.114840008318424,-0.0985609069466591,-0.0887357443571091,-0.0836916267871857,-0.0427736528217793,-0.034295380115509,-0.038762204349041,-0.0394660606980324,-0.0406030081212521,-0.0353115312755108,-0.0347118526697159,-0.0308928415179253,-0.028236411511898,-0.0210601575672627,-0.0228791460394859,-0.0128169693052769,-0.0159769058227539,-0.0180238541215658,-0.0166738610714674,-0.0179619286209345,-0.008098323829472,-0.0189212020486593,-0.0233611632138491,-0.0192289743572474,-0.0173415075987577,-0.0198585968464613,-0.0219701863825321,-0.0225705578923225,-0.0155592011287808
COL,Colombia,csh_x,Share of merchandise exports at current PPPs,0.0800102055072784,0.0932562649250031,0.0836813524365425,0.0904937461018562,0.0738619491457939,0.071840763092041,0.0712605342268944,0.0703500062227249,0.072190523147583,0.078716441988945,0.0742185413837433,0.0632285624742508,0.061887938529253,0.0611168965697289,0.0588493905961514,0.0639490038156509,0.0567564703524113,0.0561308637261391,0.0552555806934834,0.0520018190145493,0.0498920679092407,0.0452906154096127,0.047011461108923,0.050285704433918,0.0504070706665516,0.0467025265097618,0.0406199879944325,0.0404712818562985,0.0493264272809029,0.051703292876482,0.0507691986858845,0.0402657985687256,0.0395998433232307,0.0431646108627319,0.0474951267242432,0.0478465594351292,0.0581336580216885,0.0544009245932102,0.048427626490593,0.0534381158649921,0.0607654452323914,0.0541447028517723,0.0610921308398247,0.0572723522782326,0.0622137747704983,0.0675259828567505,0.0685957670211792,0.0747751444578171,0.0776602625846863,0.0917347967624664,0.10075518488884,0.0994646996259689,0.0928845554590225,0.0938517972826958,0.106068082153797,0.121829427778721,0.123545125126839,0.127986267209053,0.134615227580071,0.122079692780972,0.135490760207176,0.167754516005516,0.172674849629402,0.157355055212975,0.143450319766998,0.10234958678484,0.092269167304039,0.107518248260021,0.110160157084465,0.103594735264778,0.0801879018545151,0.0962799489498138,0.108116216957569,0.101907975971699
COL,Colombia,ctfp,TFP level at current PPPs (USA=1),,,,,0.552515149116516,0.529403686523438,0.511772274971008,0.49159562587738,0.48643296957016,0.494292676448822,0.500032246112824,0.515636503696442,0.517693400382996,0.508953034877777,0.517638683319092,0.494038254022598,0.49451807141304,0.496124655008316,0.497574687004089,0.508152365684509,0.52910327911377,0.556717395782471,0.581064164638519,0.613961517810822,0.683380782604218,0.706388533115387,0.728417336940765,0.750098347663879,0.796156883239746,0.808767855167389,0.84183669090271,0.800284147262573,0.787133574485779,0.749775290489197,0.727619290351868,0.700291097164154,0.704510271549225,0.677426218986511,0.66457611322403,0.650795817375183,0.658922016620636,0.636743783950806,0.641631841659546,0.638313472270966,0.633299231529236,0.629550993442535,0.604341268539429,0.587802171707153,0.547700822353363,0.511536121368408,0.503958761692047,0.498717546463013,0.480880856513977,0.477440595626831,0.478063493967056,0.484558194875717,0.499276548624039,0.510812699794769,0.534460961818695,0.526802182197571,0.545758366584778,0.590604722499847,0.601872444152832,0.602393925189972,0.606947779655457,0.591379940509796,0.596156001091003,0.586375296115875,0.584969580173492,0.588321685791016,0.601228296756744,0.587187111377716,0.606426417827606,0.589360773563385
COL,Colombia,cwtfp,Welfare-relevant TFP levels at current PPPs (USA=1),,,,,0.624545514583588,0.604190468788147,0.579047441482544,0.550608277320862,0.528222441673279,0.532508254051209,0.556297361850739,0.580669760704041,0.575926005840302,0.567495584487915,0.588038444519043,0.54768031835556,0.564053297042847,0.54717755317688,0.555580317974091,0.566906571388245,0.597770035266876,0.632577955722809,0.637373685836792,0.67242705821991,0.777966380119324,0.778883635997772,0.792861223220825,0.817322790622711,0.868195116519928,0.88597184419632,0.94304895401001,0.921785891056061,0.908340036869049,0.846269428730011,0.793217122554779,0.750316739082336,0.726577281951904,0.72231125831604,0.720281720161438,0.697078227996826,0.693616032600403,0.670207440853119,0.692467272281647,0.711443185806274,0.705048620700836,0.70427131652832,0.665001809597015,0.644662618637085,0.59299647808075,0.51082193851471,0.493441820144653,0.495020121335983,0.475527763366699,0.470839858055115,0.467356741428375,0.462317913770676,0.482373237609863,0.498631507158279,0.516332983970642,0.518108427524567,0.526525616645813,0.560483992099762,0.575127363204956,0.587980031967163,0.600080251693726,0.597174346446991,0.604897022247315,0.587278544902802,0.582515716552734,0.590268969535828,0.603431761264801,0.585804462432861,0.609794676303864,0.581303060054779
COL,Colombia,delta,Average depreciation rate of the capital stock,0.0327303260564804,0.0326136164367199,0.0326217040419579,0.0329506285488606,0.0335081219673157,0.0339003764092922,0.0339950919151306,0.0333601646125317,0.0322980806231499,0.0313172899186611,0.03074936196208,0.0305878613144159,0.0303252059966326,0.0299048591405153,0.0296028163284063,0.02934311889112,0.029123343527317,0.028910169377923,0.0287142395973206,0.0286840442568064,0.0288545582443476,0.029216967523098,0.0295821223407984,0.029785281047225,0.0299219097942114,0.0301188081502914,0.0304098557680845,0.030623123049736,0.0307548400014639,0.0310240089893341,0.0313520804047585,0.0316368266940117,0.0318420380353928,0.031869612634182,0.0317449979484081,0.031453862786293,0.0311001371592283,0.0309445727616549,0.0309615023434162,0.0309768561273813,0.0309660099446774,0.0308006200939417,0.030539384111762,0.0307814925909042,0.0314389280974865,0.0319398269057274,0.0322057940065861,0.0324245169758797,0.0325624123215675,0.0324068702757359,0.0320723913609982,0.0318518243730068,0.0317601077258587,0.0317620821297169,0.0318107418715954,0.0319438874721527,0.0324202068150044,0.0331652835011482,0.0339446291327477,0.0345268361270428,0.0349426418542862,0.0356861613690853,0.0365020483732224,0.037031713873148,0.0374717377126217,0.0377776548266411,0.0378063917160034,0.0376808866858482,0.0376470200717449,0.0378361605107784,0.0378474742174149,0.037736713886261,0.0379018001258373,0.0380164459347725
COL,Colombia,emp,Number of persons engaged (in millions),3.42831301689148,3.49751305580139,3.56704139709473,3.63104104995728,3.69552993774414,3.77015423774719,3.84954786300659,3.92877316474915,4.00957632064819,4.08767509460449,4.18358373641968,4.29408884048462,4.40686798095703,4.52068519592285,4.63522863388062,4.76037216186523,4.92188787460327,5.086021900177,5.2592945098877,5.43368864059448,5.6399245262146,5.83294105529785,6.03272581100464,6.23954296112061,6.45365953445435,6.82159805297852,7.04112052917481,7.35281133651733,7.53997898101807,7.75586700439453,7.88934707641602,8.23940277099609,8.37739658355713,8.38828182220459,8.44988918304443,8.67510986328125,8.96856594085693,9.42428493499756,9.77682495117188,10.2558507919312,10.5054531097412,11.1938276290894,11.3390913009644,12.0534286499023,12.5207500457764,13.0954647064209,13.3001823425293,13.5767011642456,13.5996885299683,13.3980197906494,14.2371225357056,14.3336715698242,14.6815271377563,15.246301651001,15.8290681838989,16.4764575958252,17.0571823120117,17.972843170166,18.2545528411865,18.4297657012939,18.8913440704346,19.4976921081543,19.9761848449707,20.3189544677734,20.3993816375732,21.1043548583984,21.1867866516113,21.2779293060303,21.398229598999,21.4365634918213,19.8541221618652,20.8645763397217,22.1632251739502,22.9331722259522
COL,Colombia,hc,"Human capital index, based on years of schooling and returns to education; see Human capital in PWT9.",1.44564461708069,1.459104180336,1.47268915176392,1.48640060424805,1.50023972988129,1.51420760154724,1.52740108966827,1.54070961475372,1.55413401126862,1.56767535209656,1.58133471012115,1.59134590625763,1.60142040252686,1.61155879497528,1.62176120281219,1.63202834129334,1.64236044883728,1.6527578830719,1.66322124004364,1.67375075817108,1.68434691429138,1.69703042507172,1.70964860916138,1.7193431854248,1.72909271717072,1.73889756202698,1.74875795841217,1.75867426395416,1.76864683628082,1.77867591381073,1.78876197338104,1.80154001712799,1.81440949440002,1.8273708820343,1.84042477607727,1.85357201099396,1.86681318283081,1.88014888763428,1.8935798406601,1.907106757164,1.92073035240173,1.94368135929108,1.96690678596497,1.99040949344635,2.0141932964325,2.03826117515564,2.06261658668518,2.0872631072998,2.11220407485962,2.13744306564331,2.16298365592957,2.18431115150452,2.20584893226624,2.22759914398193,2.24956393241882,2.27174520492554,2.29414510726929,2.31676602363586,2.3396098613739,2.36267900466919,2.38597559928894,2.41068816184998,2.43565678596497,2.46088433265686,2.48637270927429,2.51212525367737,2.53814482688904,2.5629780292511,2.58082032203674,2.59878706932068,2.61687898635864,2.63825917243958,2.6601254940033,2.68249130249023
COL,Colombia,irr,Real internal rate of return,0.230329722166061,0.235521093010902,0.2321587651968,0.258862912654877,0.265631377696991,0.239455312490463,0.217142060399055,0.166540667414665,0.143590793013573,0.149998098611832,0.152207747101784,0.157231733202934,0.155624076724052,0.148971036076546,0.165328860282898,0.15219683945179,0.138084411621094,0.153411403298378,0.146508678793907,0.148014828562737,0.15036141872406,0.149953901767731,0.156084775924683,0.168003991246223,0.166036397218704,0.16117325425148,0.16327266395092,0.172778591513634,0.153800159692764,0.142354369163513,0.136208280920982,0.122690066695213,0.118697345256805,0.114504963159561,0.117251761257648,0.107822820544243,0.121727421879768,0.119797885417938,0.110139816999435,0.107960395514965,0.11555140465498,0.121089838445187,0.115409083664417,0.116614334285259,0.108905322849751,0.110392153263092,0.104405641555786,0.107090674340725,0.105483919382095,0.101070038974285,0.115255422890186,0.112716175615788,0.111620113253593,0.116411626338959,0.12090178579092,0.125682160258293,0.129578426480293,0.131150439381599,0.132309660315514,0.121652491390705,0.130647718906403,0.146789968013763,0.143027812242508,0.141736626625061,0.134803235530853,0.123227454721928,0.122013263404369,0.122110694646835,0.122186154127121,0.118822365999222,0.0893456786870956,0.115545645356178,0.136901035904884,0.12986421585083
COL,Colombia,labsh,Share of labour compensation in GDP at current national prices,0.47197362780571,0.47197362780571,0.47197362780571,0.47197362780571,0.47197362780571,0.47197362780571,0.47197362780571,0.47197362780571,0.47197362780571,0.47197362780571,0.47197362780571,0.47197362780571,0.47197362780571,0.47197362780571,0.47197362780571,0.47197362780571,0.47197362780571,0.47197362780571,0.47197362780571,0.47197362780571,0.47197362780571,0.476662755012512,0.468175530433655,0.458529472351074,0.450060665607452,0.452930808067322,0.444610804319382,0.441564679145813,0.468865245580673,0.485348850488663,0.494571834802628,0.509342670440674,0.512100636959076,0.516733825206757,0.502374231815338,0.483181983232498,0.454005360603333,0.456234276294708,0.458047240972519,0.459124714136124,0.448406875133514,0.44645556807518,0.472850859165192,0.466528832912445,0.502174377441406,0.495093882083893,0.5050448179245,0.503299832344055,0.500981271266937,0.495707422494888,0.476693034172058,0.482329457998276,0.488565623760223,0.476767063140869,0.467858701944351,0.46635890007019,0.468655347824097,0.473968327045441,0.462066918611527,0.472745656967163,0.468743205070496,0.445209413766861,0.455729424953461,0.457877516746521,0.469602674245834,0.493319749832153,0.494807720184326,0.497105717658997,0.495853841304779,0.502067089080811,0.538307785987854,0.500458061695099,0.474141001701355,0.477649509906769
COL,Colombia,pl_c,"Price level of household consumption,  price level of USA GDPo in 2021=1",0.138081444692243,0.129389172130107,0.12399853387974,0.128584150841505,0.139779761511833,0.141100511895477,0.154962264082838,0.116222297252025,0.0784228019024861,0.0851527257547898,0.0884696047664819,0.094603083947278,0.097397127235143,0.0913290119930153,0.105513675100701,0.102096437658087,0.0893342618262526,0.0920414274276266,0.0885853897796005,0.0897311460189788,0.0912201768126765,0.0908183525398446,0.0900907919424941,0.0961674251112529,0.105265054687678,0.105191727038917,0.113374044476534,0.135325478460451,0.150773089237839,0.174209052742478,0.197079984229175,0.216966117596067,0.231416724888959,0.229056319496793,0.217544924652799,0.192306375741287,0.178301500362687,0.183319017523317,0.18795952044108,0.184624056894584,0.178919156923902,0.186146287359983,0.223105059107346,0.240554017374437,0.282685760509823,0.30224532097283,0.313083217834452,0.339587182437349,0.3259021304012,0.298234233762643,0.281726706528571,0.279668533480008,0.274488456559304,0.256954423309944,0.300973373468846,0.352841686333781,0.35972563564572,0.418990894080519,0.453540663316287,0.421773856628724,0.476708834738934,0.502132986537878,0.537153359969346,0.544269546499249,0.533111739145342,0.415018431992067,0.413900775171658,0.452783451972864,0.464508142551813,0.430064796926751,0.382500628360786,0.412348142078809,0.409582897374766,0.437636625575344
COL,Colombia,pl_con,"Price level of CCON (PPP/XR), price level of USA GDPo in 2021=1",0.135791212320328,0.1262296885252,0.121137715876102,0.125106811523438,0.136628836393356,0.138026863336563,0.151279255747795,0.114020891487598,0.0767544209957123,0.0835948958992958,0.0869248807430267,0.0932061150670052,0.0960208103060722,0.0902102068066597,0.103834830224514,0.099618211388588,0.0873676687479019,0.0897028744220734,0.0864659696817398,0.087625652551651,0.0890628397464752,0.0884374678134918,0.0878743156790733,0.0936687141656876,0.102805778384209,0.103021532297134,0.110846117138863,0.131639376282692,0.147651597857475,0.170515865087509,0.19259937107563,0.212920844554901,0.228487491607666,0.227985888719559,0.217889353632927,0.192669257521629,0.17884173989296,0.183915734291077,0.189063161611557,0.1867755651474,0.182336166501045,0.189699083566666,0.228906035423279,0.247381776571274,0.290191918611527,0.312625527381897,0.327553331851959,0.355162918567657,0.339688092470169,0.312700092792511,0.294858247041702,0.291985809803009,0.286305904388428,0.267017841339111,0.31309387087822,0.366361111402512,0.372257173061371,0.432571828365326,0.463892936706543,0.429905325174332,0.483217865228653,0.504982590675354,0.538875877857208,0.539987623691559,0.521325767040253,0.398501694202423,0.385233908891678,0.417153269052506,0.429157197475433,0.394456893205643,0.350813299417496,0.377002954483032,0.373452812433243,0.405445605516434
COL,Colombia,pl_da,"Price level of CDA (PPP/XR), price level of USA GDPo in 2021=1",0.127382054924965,0.116370417177677,0.112396501004696,0.114162884652615,0.123279929161072,0.125550791621208,0.138104572892189,0.109810151159763,0.076115608215332,0.0828853920102119,0.0861744210124016,0.0916684940457344,0.0952128022909164,0.090209923684597,0.102538675069809,0.0994184985756874,0.0895615667104721,0.0899040624499321,0.0879061296582222,0.0890865176916122,0.0907231420278549,0.0895481482148171,0.08989317715168,0.0961362943053246,0.106855764985085,0.106339387595654,0.11579854786396,0.138382077217102,0.15491583943367,0.180770963430405,0.205411717295647,0.224889904260635,0.238204434514046,0.237816318869591,0.229535698890686,0.20850071310997,0.193184211850166,0.201114118099213,0.211310476064682,0.207478687167168,0.201757192611694,0.205282181501389,0.235630914568901,0.256139010190964,0.298815548419952,0.323999762535095,0.338075667619705,0.363531738519669,0.345703035593033,0.316989570856094,0.297130525112152,0.293143421411514,0.286502033472061,0.268082708120346,0.313930004835129,0.366678863763809,0.37413302063942,0.433883398771286,0.467193514108658,0.43740901350975,0.494103282690048,0.517866790294647,0.554729521274567,0.563150942325592,0.547121644020081,0.422751605510712,0.413841843605042,0.443185210227966,0.450682371854782,0.411148905754089,0.363820970058441,0.387875914573669,0.382795989513397,0.402660727500916
COL,Colombia,pl_g,"Price level of government consumption,  price level of USA GDPo in 2021=1",0.106757277173279,0.0912242952653323,0.0898118708894062,0.0918095810499081,0.105109204026147,0.108105780985943,0.114129575563701,0.0888463962801483,0.0584253272167902,0.0658223604471988,0.0699529099321965,0.0779775214388862,0.0812414653971987,0.0784042837003628,0.0848824469204679,0.0743777198428192,0.0669401207552905,0.0673056285588243,0.0658208687538625,0.0674996243639397,0.0700516919874437,0.0705028717910549,0.0692688228830008,0.0733451495908618,0.0806146493543016,0.0830246943716411,0.086954113050735,0.0972387329615108,0.118795552039843,0.138740641213228,0.1570141117796,0.179717389598013,0.20393781843083,0.218339311031724,0.2211120855585,0.196114076825258,0.184226448365057,0.189964072086776,0.20005981626793,0.20847190576906,0.221042312874423,0.230465005005259,0.292368590719659,0.317644367722858,0.361919269999312,0.415355144335975,0.452249624971481,0.470748218414429,0.438219871775196,0.406674718666871,0.381535663174479,0.372768916555596,0.36579849469417,0.333891576237087,0.391098246305824,0.450256539223476,0.447998407173228,0.513917620089772,0.524030209736382,0.473932325844547,0.51704570708855,0.519236092057205,0.547425947008852,0.520935766343088,0.47290322500097,0.33657618673614,0.289882382996959,0.306211321527201,0.321187059306461,0.289945034143265,0.261517106197858,0.271545230900757,0.254832195120785,0.302881930808216
COL,Colombia,pl_gdpo,"Price level of CGDPo (PPP/XR), price level of USA GDPo in 2021=1",0.127872049808502,0.116126298904419,0.111951686441898,0.114475093781948,0.1249825283885,0.126174673438072,0.138754919171333,0.11002229899168,0.0755657255649567,0.0816380009055138,0.0852044746279717,0.0905556008219719,0.0939676910638809,0.0888992473483086,0.101831309497356,0.0984492897987366,0.0880065709352493,0.0886767283082008,0.0863982662558556,0.0877265706658363,0.0896200910210609,0.0879940614104271,0.0891225263476372,0.0957840457558632,0.105624578893185,0.105421744287014,0.115926206111908,0.140428304672241,0.156080886721611,0.180956184864044,0.205278739333153,0.222347468137741,0.236129403114319,0.235401511192322,0.228182047605515,0.207453563809395,0.195559948682785,0.202165573835373,0.211120963096619,0.208108320832253,0.202950462698936,0.209984108805656,0.235039725899696,0.252643644809723,0.294681638479233,0.319385409355164,0.334868788719177,0.360729724168777,0.341390520334244,0.31526979804039,0.297006636857986,0.290935218334198,0.284523576498032,0.26600593328476,0.313665151596069,0.365191519260407,0.371843338012695,0.431033432483673,0.461694121360779,0.433492302894592,0.487206399440765,0.507536947727203,0.544483423233032,0.5572909116745,0.537286579608917,0.413312554359436,0.406791120767593,0.438997328281403,0.445149391889572,0.405093908309937,0.355700314044952,0.380116254091263,0.381697416305542,0.398713558912277
COL,Colombia,pl_i,"Price level of capital formation,  price level of USA GDPo in 2021=1",0.101385300518359,0.0852765143316986,0.0845401974513259,0.0811773873384133,0.0875218300217286,0.0926238141959346,0.103676772593083,0.0976840436289453,0.0739245454091067,0.0804447836926681,0.0838033594701387,0.0869506561184736,0.092327293408294,0.0902088517852321,0.0976938209465855,0.0986503146594682,0.0979710305190685,0.0906572711183186,0.0928608077071047,0.0943258548593658,0.0962027768141582,0.093471753590902,0.0976970427302588,0.105472357412106,0.12041562783383,0.120478775911454,0.137071053647253,0.165144827005325,0.184909242645873,0.22625408165584,0.260809006081324,0.271290389469103,0.274218608037548,0.275527474223935,0.278287877676707,0.282527066237922,0.259808757607873,0.276722616440225,0.305279867563507,0.305416058899153,0.301242859779509,0.293140661604649,0.263017236782921,0.285888315189643,0.326426009053907,0.361041482709794,0.378952002315342,0.397118931697638,0.371047453143418,0.344825454089558,0.310019628790618,0.299169666625892,0.287421585275964,0.272696998813116,0.317309186760254,0.367884496329744,0.380931727886849,0.438462084041202,0.47856613173714,0.46719727190047,0.538249143607568,0.566876726356422,0.620008693944199,0.66565402866824,0.655516270830135,0.537295428331204,0.565339033598183,0.583856567635246,0.561729563874035,0.493651194381899,0.438526025411243,0.448569460952314,0.430755160150202,0.383704823302978
COL,Colombia,pl_k,"Price level of the capital services, price level of USA=1",,,,,1.39858281612396,1.25330674648285,1.32748222351074,0.982299327850342,0.678627610206604,0.714071750640869,0.762261211872101,0.833992063999176,0.84787791967392,0.780618190765381,0.903482258319855,0.797841846942902,0.703541219234467,0.716073036193848,0.679391443729401,0.691269338130951,0.728164196014404,0.683815062046051,0.709243416786194,0.782063722610474,0.906935155391693,0.837960660457611,0.908722162246704,1.09813940525055,1.16213738918304,1.2256418466568,1.34120941162109,1.17841362953186,1.1500563621521,0.961097419261932,0.868934273719788,0.770153284072876,0.779760420322418,0.784535765647888,0.784674465656281,0.706967949867249,0.702157437801361,0.710309505462647,0.75845330953598,0.789826154708862,0.81433516740799,0.876356184482575,0.850539028644562,0.886587619781494,0.810939133167267,0.708156287670136,0.734415173530579,0.716923296451569,0.656479716300964,0.601561427116394,0.690713346004486,0.759342074394226,0.758085191249847,0.857401847839356,0.945929944515228,0.825277030467987,0.918922364711762,1.05139100551605,1.13670361042023,1.1530122756958,1.07926189899445,0.796380341053009,0.815510272979736,0.830521106719971,0.791273474693298,0.684377908706665,0.543493568897247,0.614400327205658,0.595771551132202,0.571256935596466
COL,Colombia,pl_m,"Price level of imports, price level of USA GDPo in 2021=1",0.0905482918024063,0.0971951857209206,0.102633386850357,0.104477092623711,0.114141337573528,0.112402282655239,0.123398631811142,0.124852195382118,0.124768175184727,0.127847045660019,0.1119264960289,0.117157004773617,0.122743718326092,0.12205720692873,0.125824108719826,0.126286953687668,0.131061762571335,0.13727405667305,0.143397331237793,0.150341644883156,0.157624378800392,0.158421039581299,0.169201165437698,0.182984083890915,0.204535409808159,0.220766499638557,0.229180723428726,0.25190681219101,0.263978242874146,0.291669517755508,0.312291294336319,0.318502485752106,0.322545200586319,0.325296014547348,0.320025533437729,0.323379427194595,0.337511420249939,0.375883638858795,0.407843410968781,0.430733233690262,0.43379271030426,0.464293003082275,0.412875533103943,0.414904564619064,0.445967465639114,0.477347165346146,0.472311168909073,0.45518559217453,0.443769782781601,0.428361296653748,0.408204853534699,0.394451469182968,0.395579874515533,0.417237490415573,0.425425350666046,0.451757878065109,0.469319194555283,0.508447051048279,0.576864719390869,0.542346954345703,0.556473672389984,0.588280081748962,0.576168417930603,0.584307372570038,0.605871677398682,0.539876341819763,0.525109648704529,0.522089958190918,0.544055283069611,0.512691855430603,0.5155069231987,0.5270836353302,0.504093885421753,0.542107701301575
COL,Colombia,pl_n,"Price level of the capital stock, price level of USA in 2021=1",0.0551099292933941,0.0475064516067505,0.0468648448586464,0.0445562563836575,0.0478364378213882,0.050423126667738,0.0573612041771412,0.0535416454076767,0.0398332104086876,0.0426372922956944,0.0441900417208672,0.0462572984397411,0.0485464036464691,0.0472366400063038,0.0513361878693104,0.0512596145272255,0.0501048117876053,0.0463656075298786,0.0473356805741787,0.0483722239732742,0.0499136075377464,0.0507925823330879,0.0534852035343647,0.0592774711549282,0.0704910457134247,0.0739717930555344,0.0857499986886978,0.105833098292351,0.132426366209984,0.162424579262733,0.189514294266701,0.204808801412582,0.212917357683182,0.207045763731003,0.19974260032177,0.194787010550499,0.182246997952461,0.184573441743851,0.201549828052521,0.199217349290848,0.192461967468262,0.190547794103622,0.217067435383797,0.237175911664963,0.270359337329865,0.294997453689575,0.303589940071106,0.314228773117065,0.283233910799027,0.254743993282318,0.231731414794922,0.223525404930115,0.214910134673119,0.198825895786285,0.233872652053833,0.271968096494675,0.27581849694252,0.321065783500671,0.363226860761642,0.343505203723907,0.383561372756958,0.410702019929886,0.459913104772568,0.476202428340912,0.476071387529373,0.379674822092056,0.390260010957718,0.411161780357361,0.402938216924667,0.359679043292999,0.32064288854599,0.336229622364044,0.325826793909073,0.347683936357498
COL,Colombia,pl_x,"Price level of exports, price level of USA GDPo in 2021=1",0.0941957831382752,0.0944431275129318,0.0969091951847076,0.107602328062058,0.136854037642479,0.117462478578091,0.130525067448616,0.128766790032387,0.106991186738014,0.0971542671322823,0.0964334756135941,0.0993342027068138,0.0993361622095108,0.0940253064036369,0.110905878245831,0.100298471748829,0.100684441626072,0.0984901934862137,0.102841429412365,0.110837288200855,0.129085212945938,0.121816821396351,0.134144470095634,0.154666811227798,0.171099185943604,0.179818585515022,0.231227234005928,0.310029804706574,0.29443895816803,0.294351398944855,0.34010574221611,0.319436460733414,0.3349829018116,0.308937102556229,0.311478227376938,0.314268678426743,0.350170224905014,0.365563184022903,0.397929549217224,0.402532070875168,0.39950042963028,0.482211798429489,0.3846515417099,0.399048626422882,0.417803525924683,0.440343409776688,0.451642334461212,0.440968722105026,0.407735139131546,0.390628457069397,0.390895068645477,0.368795782327652,0.374506622552872,0.394620656967163,0.42526125907898,0.436260133981705,0.453736752271652,0.489770323038101,0.532142102718353,0.501820504665375,0.499777883291245,0.514414370059967,0.512708604335785,0.545218050479889,0.538324892520905,0.491079241037369,0.484116345643997,0.494441717863083,0.50580221414566,0.478027641773224,0.462100952863693,0.492637038230896,0.550284743309021,0.535323977470398
COL,Colombia,pop,Population (in millions),11.257437789049,11.620015796168,11.9946637448643,12.3820114356497,12.7825052859462,13.1966130152516,13.624816235722,14.06832175628,14.5269878718101,15.0013573221654,15.4927656549023,16.0010711649055,16.5194432951515,17.0401160496207,17.5684149473486,18.1085540947023,18.6480930792152,19.1941745796351,19.7357344828497,20.2674250415703,20.811782,21.319096,21.819563,22.325374,22.833469,23.344644,23.85881,24.393494,24.950337,25.515626,26.104498,26.713267,27.338331,27.988173,28.64269,29.26847,29.879112,30.499467,31.130524,31.776279,32.440069,33.098372,33.760571,34.441473,35.12741,35.804662,36.462745,37.121149,37.792165,38.454863,39.089934,39.709262,40.32468,40.937429,41.543171,42.128977,42.691084,43.235374,43.758808,44.271541,44.777319,45.259614,45.71581,46.151584,46.565429,46.96994,47.437512,48.131078,49.024465,49.907985,50.629997,51.188173,51.737944,52.321152
COL,Colombia,rconna,Real consumption at constant 2021 national prices (in mil. 2021US$),42017.82421875,42467.2890625,45405.36328125,48476.94140625,52331.9921875,54582.3984375,55281.53125,56104.9296875,57091.11328125,60034.23828125,63324.18359375,67688.140625,72611.59375,76202.4609375,83257.453125,81945.4296875,89221.6875,89149.5234375,94697.03125,102210.34375,109426.0625,119423.0546875,125192.53125,131818.890625,138839.046875,142875.875,152486.015625,158722.140625,172142.671875,180660.25,189898.53125,195572.6875,199032.46875,199730.0625,205691.375,210070.890625,216496.265625,225032.265625,234713.921875,242844.109375,250186.640625,254525.796875,264145.1875,282375.90625,297330.28125,314142.9375,326108.125,340172.875,338950.8125,325551,330733.875,336227.59375,341481.96875,350907.53125,365922.6875,381465.0625,405003.6875,430162.40625,448286.25,458221.0625,481510.25,508801.0625,536748.625,565498.375,589960.9375,610038,619956.375,634410,659604.875,687922.25,658960.1875,749821.25,816932.3125,831205.3125
COL,Colombia,rdana,Real domestic absorption at constant 2021 national prices (in mil. 2021US$),50032.90625,50045.81640625,53455.58203125,57912.0078125,64039.71484375,66988.7109375,67669.734375,67022.21875,65786.796875,69206.3984375,74705.15625,80398.9296875,83615.984375,86239.9921875,94896.65625,93096.7578125,101636.84375,102123.4609375,110681.53125,117967.578125,128740.4375,138982.484375,143340.609375,152140.578125,165367.75,161258.953125,173010.359375,184755.515625,199700.546875,207099.1875,220429.25,232307.96875,238428.359375,237806.703125,239734.171875,237846.65625,245851.78125,258681.15625,272325.84375,273604.09375,278957.78125,276815.8125,308166.4375,344405.96875,369033.0625,390295.625,389044.03125,401427.71875,394803.46875,350721.6875,361711.375,371537.8125,382550.46875,398945.875,421265.84375,446271.6875,483735.90625,523765.375,551539.4375,552956.1875,586304.4375,635496.3125,666672,705912.375,748185.1875,765805.25,775228.875,783992.875,811143.5625,843756.25,779731.0625,884148.625,974193.375,952944.875
COL,Colombia,rgdpe,Expenditure-side real GDP at chained PPPs (in mil. 2021US$),44898.11328125,45042.55078125,48010.58984375,52638.09375,58327.62890625,60003.8046875,61291.25,60893.859375,60388.01171875,63529.328125,66927.9453125,71179.2578125,74780.8515625,77047.6796875,84153.25,84054.6015625,88142.8203125,91836.2890625,97423.203125,104225.46875,113093.203125,124563.421875,138245.84375,154153.375,164772.9375,175313.984375,189046.703125,200641.078125,214331.390625,220641.21875,230105.828125,228693.796875,230557.328125,229684.5,235779.109375,236750.796875,255636.578125,255802.109375,262410.1875,269649.71875,279217.84375,283889.75,292602.8125,306313.84375,324819.4375,339660.40625,342555.6875,351610.1875,343946.15625,328252.03125,339841.0625,337960.9375,344104.6875,355564.625,375975.0625,396235.59375,434492.96875,479058.875,520168.78125,535489.125,583368.4375,648695.0625,672777.625,686434.625,704448.3125,704555.625,694029.5,710547.5,747681.6875,793320.125,747571.125,821202.375,898693.5,904662.5625
COL,Colombia,rgdpna,Real GDP at constant 2021 national prices (in mil. 2021US$),49730.36328125,50900.3203125,54268.15625,58528.79296875,63028.14453125,65726.6015625,67412.375,67763.21875,68437.703125,73020.859375,77214.6328125,81723.546875,85689.84375,88255.4375,95229.9375,96211.046875,101569.0703125,105590.2734375,112503.65625,119906.234375,128314.8984375,135963.40625,146390.640625,156232.421875,165209.140625,169047.390625,177040.5625,184402.8125,200021.546875,210780.921875,219396.3125,224391.671875,226519.84375,230085.171875,237794.59375,245183.125,259462.765625,273393.15625,284504.34375,294217.59375,306815.96875,312957.21875,325616.09375,344209.34375,361926.96875,380756,388583.8125,401913.40625,404203.40625,387210.65625,398536,405223.03125,415369.71875,431645.03125,454664.78125,476063.84375,508040.375,542273.125,560078.4375,566461.3125,591921.8125,633047.9375,657816.75,691589.0625,722703.875,744066.3125,759597.75,769923.4375,789666.8125,814832.3125,756279.1875,837966.375,899044.75,906207.25
COL,Colombia,rgdpo,Output-side real GDP at chained PPPs (in mil. 2021US$),45118.94140625,45796.01953125,48860.4921875,53073.609375,58131.00390625,60331.28125,61679.18359375,61516.578125,61468.91796875,65111.43359375,68963.7265625,73380.140625,76846.0078125,79102.75,85725.09375,85923.71875,90688.9765625,94132.5234375,100181.28125,106987.8125,115640.4765625,128029.1171875,140731.421875,155996.203125,168423.625,178882.5625,190858.734375,199909.984375,215069.953125,222936.28125,233589.578125,234844.578125,235883.421875,234781.953125,239723.953125,239662.625,254742.734375,256890.4375,265144.6875,271348.3125,280673.28125,282256.625,295638.09375,314376.28125,332418.59375,347616.46875,348982.5625,357446.6875,349630.1875,330969.90625,341218.125,343041.9375,347626,360209.75,377985.59375,404037.28125,442369.9375,487828.5,536051.8125,545841.5,601198.625,671794,700778.5625,709629.625,730171.75,722604.5,708380,718355.4375,758082.3125,807644,769266.3125,837966.375,903032.4375,915366.375
COL,Colombia,rkna,Capital services at constant 2021 national prices (2021=1),,,,,0.0520174391567707,0.0563147999346256,0.0603026710450649,0.0634298846125603,0.0654859468340874,0.0676131993532181,0.0709104686975479,0.0747393220663071,0.0776560828089714,0.0802086740732193,0.0838456749916077,0.0869828015565872,0.0910187587141991,0.0947478339076042,0.0999191403388977,0.105121918022633,0.112005464732647,0.119265720248222,0.125770404934883,0.132599517703056,0.140399545431137,0.147279366850853,0.155490681529045,0.163021415472031,0.172154873609543,0.182043641805649,0.194253653287888,0.206505671143532,0.218343868851662,0.22929610311985,0.239596396684647,0.247673451900482,0.257852703332901,0.268900185823441,0.281827419996262,0.292627841234207,0.302490890026093,0.309167563915253,0.319046348333359,0.339579522609711,0.362216740846634,0.382401347160339,0.400461047887802,0.417684495449066,0.432230472564697,0.434130489826202,0.435669600963593,0.440153002738953,0.447636365890503,0.459551811218262,0.4730464220047,0.491771310567856,0.519913554191589,0.554438710212708,0.584380567073822,0.610531508922577,0.639556288719177,0.676911354064941,0.709914863109589,0.74463278055191,0.783405601978302,0.822777390480042,0.856304824352264,0.889513731002808,0.923408329486847,0.959838330745697,0.974399924278259,1,1.03274667263031,1.05642139911652
COL,Colombia,rnna,Capital stock at constant 2021 national prices (in mil. 2021US$),143208.3125,151784.46875,160910.5,172045,186641.921875,201757.390625,216162.8125,227867.140625,235389.625,243766.84375,255918.640625,270040.34375,282011.125,292915.65625,306541.4375,318967.84375,333577.34375,348338.34375,367322.15625,386308.6875,409863.4375,433945.40625,455843.5,480267.3125,507448.3125,531400.4375,558505.75,584342.5625,613581.9375,643011.5,677996.1875,714784,751304.5625,787105.4375,822389.8125,853695.25,889512.25,924429.25,966031,1001388.5625,1032796.1875,1057712.875,1090842.375,1144227.5,1204123.75,1261209.625,1314146,1362791.625,1403873.25,1408990.125,1412782.5,1423465.625,1442765.875,1471821.375,1508649.5,1556119.125,1620708.875,1702756.625,1771569,1841114.875,1916421.25,2002981.125,2086343.625,2175999.5,2276362.5,2382179.25,2478521.5,2574892.75,2669737,2765520,2811806.5,2882305,2970245.75,3038053
COL,Colombia,rtfpna,TFP at constant national prices (2021=1),,,,,0.986784994602203,0.975387692451477,0.95363986492157,0.922652661800385,0.905778110027313,0.939848840236664,0.9567711353302,0.970971941947937,0.983672261238098,0.982141494750977,1.02108728885651,0.997207462787628,1.00980317592621,1.0100017786026,1.02793538570404,1.04826128482819,1.06384611129761,1.07184445858002,1.10292601585388,1.1258020401001,1.13580071926117,1.10354673862457,1.10529041290283,1.09946990013123,1.1439460515976,1.154505610466,1.15224993228912,1.11741518974304,1.08733069896698,1.07672953605652,1.0839741230011,1.08384168148041,1.10432171821594,1.11098372936249,1.10730791091919,1.0967276096344,1.10994446277618,1.08397698402405,1.098837018013,1.08255255222321,1.07127559185028,1.06746053695679,1.05135047435761,1.0489387512207,1.03129720687866,0.987275063991547,0.979115307331085,0.982415735721588,0.9640012383461,0.969526171684265,0.986296474933624,0.986049354076386,0.995081961154938,0.991531789302826,0.978699862957001,0.965880930423737,0.970189154148102,0.990511417388916,0.990017950534821,1.00279486179352,1.01468193531036,0.99882847070694,0.993033587932587,0.983790576457977,0.982084095478058,0.990295648574829,1.0182021856308,1,1.00089430809021,0.983163952827454
COL,Colombia,rwtfpna,Welfare-relevant TFP at constant national prices (2021=1),,,,,0.950251758098602,0.942191064357758,0.907278299331665,0.864896774291992,0.825213670730591,0.844225764274597,0.877324640750885,0.90533858537674,0.909728229045868,0.909583568572998,0.964365303516388,0.9145268201828,0.95769602060318,0.925816774368286,0.958463609218597,0.977443695068359,1.01162135601044,1.03841519355774,1.02353715896606,1.03905189037323,1.07750713825226,0.997716963291168,1.0237101316452,1.04403364658356,1.08245360851288,1.07508897781372,1.09720540046692,1.09641063213348,1.08471238613129,1.05473506450653,1.03573393821716,0.996491551399231,0.991734147071838,0.996290922164917,1.00454556941986,0.966616034507752,0.956451654434204,0.908714056015015,0.985630214214325,1.02659296989441,1.03525388240814,1.03705096244812,0.997614800930023,0.992947459220886,0.954698204994202,0.847529470920563,0.84222811460495,0.853700459003449,0.841458678245544,0.849274396896362,0.866111278533936,0.876060485839844,0.897987425327301,0.90766716003418,0.913436830043793,0.893604516983032,0.910786390304565,0.94240415096283,0.950936794281006,0.970099031925201,0.995588600635529,0.974313914775848,0.960531294345856,0.949442207813263,0.956101059913635,0.971885085105896,0.994942545890808,1,1.02790582180023,0.97986775636673
COL,Colombia,xr,"Exchange rate, national currency/USD (market+estimated)",1.949936866485,2.40069159007874,2.5106315630252,2.5106315630252,2.5106315630252,2.5106315630252,2.5106315630252,3.79793054323015,6.40151138862358,6.40151138862358,6.63538397649338,6.70038731624862,6.90160706811918,9.00052053178368,9.00052053178368,10.4756062226511,13.5007807976755,14.5072286220158,16.2916125961995,17.321142581268,18.4441666666667,19.9333333333333,21.8666666666667,23.5716666666667,26.0616666666667,30.9275,34.695,36.7741666666667,39.095,42.5483333333333,47.2783333333333,54.4891666666667,64.0858333333333,78.8575,100.8175,142.311666666667,194.260833333333,242.606666666667,299.173333333333,382.566666666667,502.26,627.1525,680.385833333333,786.346666666667,826.54,912.895,1036.6225,1141.11666666667,1426.42416666667,1756.68583333333,2087.91833333333,2299.89333333333,2504.68083333333,2877.54333333333,2628.36833333333,2321.13166666667,2358.59460526316,2077.81095833333,1965.1375,2157.59833333333,1898.9975,1848.01666666667,1798.01166666667,1868.895,2001.105,2741.78166666667,3055.255,2951.48691120161,2955.70396997842,3281.62219381788,3693.27583333333,3744.24416666667,4256.19416666667,4325.955
